DATE,DGS6MO
2019-06-26,2.12
2019-06-27,2.12
2019-06-28,2.09
2019-07-01,2.10
2019-07-02,2.09
2019-07-03,2.08
2019-07-04,.
2019-07-05,2.14
2019-07-08,2.14
2019-07-09,2.15
2019-07-10,2.07
2019-07-11,2.08
2019-07-12,2.07
2019-07-15,2.06
2019-07-16,2.06
2019-07-17,2.04
2019-07-18,2.01
2019-07-19,2.03
2019-07-22,2.08
2019-07-23,2.09
2019-07-24,2.08
2019-07-25,2.08
2019-07-26,2.10
2019-07-29,2.10
2019-07-30,2.07
2019-07-31,2.10
2019-08-01,2.04
2019-08-02,2.02
2019-08-05,1.99
2019-08-06,2.00
2019-08-07,1.95
2019-08-08,1.96
2019-08-09,1.95
2019-08-12,1.94
2019-08-13,1.96
2019-08-14,1.92
2019-08-15,1.86
2019-08-16,1.85
2019-08-19,1.90
2019-08-20,1.89
2019-08-21,1.90
2019-08-22,1.91
2019-08-23,1.87
2019-08-26,1.90
2019-08-27,1.94
2019-08-28,1.89
2019-08-29,1.89
2019-08-30,1.89
2019-09-02,.
2019-09-03,1.88
2019-09-04,1.87
2019-09-05,1.88
2019-09-06,1.88
2019-09-09,1.87
2019-09-10,1.89
2019-09-11,1.88
2019-09-12,1.90
2019-09-13,1.92
2019-09-16,1.93
2019-09-17,1.93
2019-09-18,1.91
2019-09-19,1.92
2019-09-20,1.91
2019-09-23,1.93
2019-09-24,1.91
2019-09-25,1.90
2019-09-26,1.88
2019-09-27,1.85
2019-09-30,1.83
2019-10-01,1.81
2019-10-02,1.75
2019-10-03,1.66
2019-10-04,1.65
2019-10-07,1.73
2019-10-08,1.69
2019-10-09,1.69
2019-10-10,1.68
2019-10-11,1.68
2019-10-14,.
2019-10-15,1.67
2019-10-16,1.64
2019-10-17,1.63
2019-10-18,1.63
2019-10-21,1.65
2019-10-22,1.64
2019-10-23,1.64
2019-10-24,1.65
2019-10-25,1.66
2019-10-28,1.65
2019-10-29,1.64
2019-10-30,1.62
2019-10-31,1.57
2019-11-01,1.55
2019-11-04,1.57
2019-11-05,1.58
2019-11-06,1.57
2019-11-07,1.58
2019-11-08,1.58
2019-11-11,.
2019-11-12,1.59
2019-11-13,1.59
2019-11-14,1.58
2019-11-15,1.59
2019-11-18,1.58
2019-11-19,1.58
2019-11-20,1.58
2019-11-21,1.59
2019-11-22,1.59
2019-11-25,1.61
2019-11-26,1.62
2019-11-27,1.63
2019-11-28,.
2019-11-29,1.63
2019-12-02,1.62
2019-12-03,1.57
2019-12-04,1.56
2019-12-05,1.55
2019-12-06,1.56
2019-12-09,1.58
2019-12-10,1.57
2019-12-11,1.58
2019-12-12,1.57
2019-12-13,1.56
2019-12-16,1.58
2019-12-17,1.58
2019-12-18,1.58
2019-12-19,1.57
2019-12-20,1.58
2019-12-23,1.60
2019-12-24,1.61
2019-12-25,.
2019-12-26,1.61
2019-12-27,1.59
2019-12-30,1.60
2019-12-31,1.60
2020-01-01,.
2020-01-02,1.57
2020-01-03,1.55
2020-01-06,1.56
2020-01-07,1.56
2020-01-08,1.56
2020-01-09,1.56
2020-01-10,1.55
2020-01-13,1.57
2020-01-14,1.57
2020-01-15,1.58
2020-01-16,1.56
2020-01-17,1.57
2020-01-20,.
2020-01-21,1.57
2020-01-22,1.56
2020-01-23,1.56
2020-01-24,1.55
2020-01-27,1.57
2020-01-28,1.58
2020-01-29,1.57
2020-01-30,1.57
2020-01-31,1.54
2020-02-03,1.56
2020-02-04,1.57
2020-02-05,1.57
2020-02-06,1.58
2020-02-07,1.57
2020-02-10,1.58
2020-02-11,1.55
2020-02-12,1.56
2020-02-13,1.56
2020-02-14,1.56
2020-02-17,.
2020-02-18,1.56
2020-02-19,1.56
2020-02-20,1.55
2020-02-21,1.53
2020-02-24,1.49
2020-02-25,1.47
2020-02-26,1.42
2020-02-27,1.33
2020-02-28,1.11
2020-03-02,0.95
2020-03-03,0.83
2020-03-04,0.68
2020-03-05,0.53
2020-03-06,0.41
2020-03-09,0.27
2020-03-10,0.43
2020-03-11,0.40
2020-03-12,0.37
2020-03-13,0.38
2020-03-16,0.29
2020-03-17,0.24
2020-03-18,0.08
2020-03-19,0.06
2020-03-20,0.05
2020-03-23,0.08
2020-03-24,0.09
2020-03-25,0.07
2020-03-26,0.04
2020-03-27,0.02
2020-03-30,0.12
2020-03-31,0.15
2020-04-01,0.14
2020-04-02,0.15
2020-04-03,0.15
2020-04-06,0.17
2020-04-07,0.20
2020-04-08,0.24
2020-04-09,0.24
2020-04-10,.
2020-04-13,0.27
2020-04-14,0.24
2020-04-15,0.19
2020-04-16,0.18
2020-04-17,0.16
2020-04-20,0.15
2020-04-21,0.14
2020-04-22,0.14
2020-04-23,0.14
2020-04-24,0.14
2020-04-27,0.15
2020-04-28,0.13
2020-04-29,0.12
2020-04-30,0.11
2020-05-01,0.12
2020-05-04,0.14
2020-05-05,0.15
2020-05-06,0.16
2020-05-07,0.14
2020-05-08,0.15
2020-05-11,0.16
2020-05-12,0.16
2020-05-13,0.15
2020-05-14,0.15
2020-05-15,0.15
2020-05-18,0.15
2020-05-19,0.15
2020-05-20,0.14
2020-05-21,0.14
2020-05-22,0.16
2020-05-25,.
2020-05-26,0.17
2020-05-27,0.17
2020-05-28,0.18
2020-05-29,0.18
2020-06-01,0.18
2020-06-02,0.18
2020-06-03,0.19
2020-06-04,0.18
2020-06-05,0.18
2020-06-08,0.19
2020-06-09,0.19
2020-06-10,0.19
2020-06-11,0.18
2020-06-12,0.18
2020-06-15,0.19
2020-06-16,0.19
2020-06-17,0.18
2020-06-18,0.17
2020-06-19,0.17
2020-06-22,0.18
2020-06-23,0.17
2020-06-24,0.17
2020-06-25,0.17
2020-06-26,0.17
2020-06-29,0.18
2020-06-30,0.18
2020-07-01,0.17
2020-07-02,0.16
2020-07-03,.
2020-07-06,0.16
2020-07-07,0.17
2020-07-08,0.17
2020-07-09,0.16
2020-07-10,0.15
2020-07-13,0.15
2020-07-14,0.14
2020-07-15,0.15
2020-07-16,0.13
2020-07-17,0.13
2020-07-20,0.14
2020-07-21,0.13
2020-07-22,0.14
2020-07-23,0.13
2020-07-24,0.14
2020-07-27,0.14
2020-07-28,0.12
2020-07-29,0.12
2020-07-30,0.11
2020-07-31,0.10
2020-08-03,0.11
2020-08-04,0.11
2020-08-05,0.12
2020-08-06,0.11
2020-08-07,0.12
2020-08-10,0.13
2020-08-11,0.12
2020-08-12,0.12
2020-08-13,0.12
2020-08-14,0.12
2020-08-17,0.12
2020-08-18,0.13
2020-08-19,0.12
2020-08-20,0.13
2020-08-21,0.12
2020-08-24,0.12
2020-08-25,0.12
2020-08-26,0.12
2020-08-27,0.11
2020-08-28,0.11
2020-08-31,0.13
2020-09-01,0.13
2020-09-02,0.12
2020-09-03,0.12
2020-09-04,0.12
2020-09-07,.
2020-09-08,0.14
2020-09-09,0.14
2020-09-10,0.12
2020-09-11,0.12
2020-09-14,0.13
2020-09-15,0.12
2020-09-16,0.12
2020-09-17,0.11
2020-09-18,0.12
2020-09-21,0.11
2020-09-22,0.11
2020-09-23,0.11
2020-09-24,0.11
2020-09-25,0.11
2020-09-28,0.11
2020-09-29,0.11
2020-09-30,0.11
2020-10-01,0.10
2020-10-02,0.11
2020-10-05,0.11
2020-10-06,0.11
2020-10-07,0.12
2020-10-08,0.12
2020-10-09,0.12
2020-10-12,.
2020-10-13,0.12
2020-10-14,0.12
2020-10-15,0.12
2020-10-16,0.12
2020-10-19,0.11
2020-10-20,0.12
2020-10-21,0.12
2020-10-22,0.11
2020-10-23,0.11
2020-10-26,0.12
2020-10-27,0.11
2020-10-28,0.11
2020-10-29,0.10
2020-10-30,0.11
2020-11-02,0.11
2020-11-03,0.12
2020-11-04,0.10
2020-11-05,0.10
2020-11-06,0.11
2020-11-09,0.11
2020-11-10,0.11
2020-11-11,.
2020-11-12,0.10
2020-11-13,0.10
2020-11-16,0.12
2020-11-17,0.10
2020-11-18,0.10
2020-11-19,0.10
2020-11-20,0.10
2020-11-23,0.08
2020-11-24,0.10
2020-11-25,0.09
2020-11-26,.
2020-11-27,0.10
2020-11-30,0.09
2020-12-01,0.10
2020-12-02,0.10
2020-12-03,0.09
2020-12-04,0.10
2020-12-07,0.10
2020-12-08,0.09
2020-12-09,0.09
2020-12-10,0.09
2020-12-11,0.08
2020-12-14,0.08
2020-12-15,0.08
2020-12-16,0.09
2020-12-17,0.09
2020-12-18,0.09
2020-12-21,0.09
2020-12-22,0.09
2020-12-23,0.09
2020-12-24,0.09
2020-12-25,.
2020-12-28,0.11
2020-12-29,0.12
2020-12-30,0.09
2020-12-31,0.09
2021-01-01,.
2021-01-04,0.09
2021-01-05,0.09
2021-01-06,0.09
2021-01-07,0.09
2021-01-08,0.09
2021-01-11,0.10
2021-01-12,0.09
2021-01-13,0.10
2021-01-14,0.09
2021-01-15,0.10
2021-01-18,.
2021-01-19,0.11
2021-01-20,0.10
2021-01-21,0.09
2021-01-22,0.10
2021-01-25,0.09
2021-01-26,0.09
2021-01-27,0.09
2021-01-28,0.08
2021-01-29,0.07
2021-02-01,0.08
2021-02-02,0.08
2021-02-03,0.06
2021-02-04,0.06
2021-02-05,0.05
2021-02-08,0.05
2021-02-09,0.06
2021-02-10,0.06
2021-02-11,0.06
2021-02-12,0.05
2021-02-15,.
2021-02-16,0.06
2021-02-17,0.06
2021-02-18,0.04
2021-02-19,0.06
2021-02-22,0.04
2021-02-23,0.05
2021-02-24,0.05
2021-02-25,0.06
2021-02-26,0.05
2021-03-01,0.07
2021-03-02,0.06
2021-03-03,0.07
2021-03-04,0.07
2021-03-05,0.07
2021-03-08,0.06
2021-03-09,0.07
2021-03-10,0.06
2021-03-11,0.05
2021-03-12,0.06
2021-03-15,0.06
2021-03-16,0.06
2021-03-17,0.05
2021-03-18,0.03
2021-03-19,0.03
2021-03-22,0.05
2021-03-23,0.04
2021-03-24,0.04
2021-03-25,0.04
2021-03-26,0.04
2021-03-29,0.04
2021-03-30,0.04
2021-03-31,0.05
2021-04-01,0.04
2021-04-02,0.04
2021-04-05,0.04
2021-04-06,0.04
2021-04-07,0.04
2021-04-08,0.04
2021-04-09,0.03
2021-04-12,0.04
2021-04-13,0.05
2021-04-14,0.04
2021-04-15,0.04
2021-04-16,0.04
2021-04-19,0.04
2021-04-20,0.04
2021-04-21,0.04
2021-04-22,0.04
2021-04-23,0.03
2021-04-26,0.04
2021-04-27,0.04
2021-04-28,0.04
2021-04-29,0.04
2021-04-30,0.03
2021-05-03,0.04
2021-05-04,0.04
2021-05-05,0.04
2021-05-06,0.04
2021-05-07,0.04
2021-05-10,0.04
2021-05-11,0.04
2021-05-12,0.04
2021-05-13,0.03
2021-05-14,0.03
2021-05-17,0.04
2021-05-18,0.03
2021-05-19,0.03
2021-05-20,0.03
2021-05-21,0.02
2021-05-24,0.03
2021-05-25,0.04
2021-05-26,0.04
2021-05-27,0.04
2021-05-28,0.03
2021-05-31,.
2021-06-01,0.04
2021-06-02,0.04
2021-06-03,0.04
2021-06-04,0.04
2021-06-07,0.04
2021-06-08,0.04
2021-06-09,0.04
2021-06-10,0.04
2021-06-11,0.04
2021-06-14,0.05
2021-06-15,0.05
2021-06-16,0.06
2021-06-17,0.06
2021-06-18,0.06
2021-06-21,0.06
2021-06-22,0.06
2021-06-23,0.05
2021-06-24,0.05
2021-06-25,0.06
2021-06-28,0.06
2021-06-29,0.06
2021-06-30,0.06
2021-07-01,0.05
2021-07-02,0.05
2021-07-05,.
2021-07-06,0.06
2021-07-07,0.05
2021-07-08,0.06
2021-07-09,0.05
2021-07-12,0.06
2021-07-13,0.06
2021-07-14,0.05
2021-07-15,0.05
2021-07-16,0.05
2021-07-19,0.06
2021-07-20,0.06
2021-07-21,0.05
2021-07-22,0.05
2021-07-23,0.05
2021-07-26,0.06
2021-07-27,0.05
2021-07-28,0.05
2021-07-29,0.05
2021-07-30,0.05
2021-08-02,0.06
2021-08-03,0.06
2021-08-04,0.05
2021-08-05,0.06
2021-08-06,0.06
2021-08-09,0.06
2021-08-10,0.05
2021-08-11,0.06
2021-08-12,0.06
2021-08-13,0.05
2021-08-16,0.05
2021-08-17,0.06
2021-08-18,0.05
2021-08-19,0.05
2021-08-20,0.05
2021-08-23,0.06
2021-08-24,0.05
2021-08-25,0.06
2021-08-26,0.06
2021-08-27,0.05
2021-08-30,0.05
2021-08-31,0.06
2021-09-01,0.06
2021-09-02,0.06
2021-09-03,0.05
2021-09-06,.
2021-09-07,0.06
2021-09-08,0.06
2021-09-09,0.05
2021-09-10,0.06
2021-09-13,0.06
2021-09-14,0.05
2021-09-15,0.05
2021-09-16,0.05
2021-09-17,0.05
2021-09-20,0.05
2021-09-21,0.04
2021-09-22,0.05
2021-09-23,0.04
2021-09-24,0.05
2021-09-27,0.05
2021-09-28,0.06
2021-09-29,0.05
2021-09-30,0.05
2021-10-01,0.05
2021-10-04,0.06
2021-10-05,0.06
2021-10-06,0.06
2021-10-07,0.06
2021-10-08,0.07
2021-10-11,.
2021-10-12,0.06
2021-10-13,0.06
2021-10-14,0.06
2021-10-15,0.06
2021-10-18,0.06
2021-10-19,0.06
2021-10-20,0.06
2021-10-21,0.06
2021-10-22,0.07
2021-10-25,0.06
2021-10-26,0.06
2021-10-27,0.07
2021-10-28,0.06
2021-10-29,0.07
2021-11-01,0.06
2021-11-02,0.07
2021-11-03,0.07
2021-11-04,0.07
2021-11-05,0.07
2021-11-08,0.07
2021-11-09,0.06
2021-11-10,0.07
2021-11-11,.
2021-11-12,0.07
2021-11-15,0.06
2021-11-16,0.07
2021-11-17,0.06
2021-11-18,0.06
2021-11-19,0.06
2021-11-22,0.07
2021-11-23,0.07
2021-11-24,0.10
2021-11-25,.
2021-11-26,0.10
2021-11-29,0.10
2021-11-30,0.10
2021-12-01,0.10
2021-12-02,0.09
2021-12-03,0.09
2021-12-06,0.12
2021-12-07,0.15
2021-12-08,0.13
2021-12-09,0.12
2021-12-10,0.13
2021-12-13,0.11
2021-12-14,0.13
2021-12-15,0.13
2021-12-16,0.13
2021-12-17,0.13
2021-12-20,0.16
2021-12-21,0.16
2021-12-22,0.16
2021-12-23,0.18
2021-12-24,.
2021-12-27,0.21
2021-12-28,0.20
2021-12-29,0.19
2021-12-30,0.19
2021-12-31,0.19
2022-01-03,0.22
2022-01-04,0.22
2022-01-05,0.22
2022-01-06,0.23
2022-01-07,0.24
2022-01-10,0.28
2022-01-11,0.28
2022-01-12,0.27
2022-01-13,0.28
2022-01-14,0.30
2022-01-17,.
2022-01-18,0.37
2022-01-19,0.36
2022-01-20,0.36
2022-01-21,0.35
2022-01-24,0.39
2022-01-25,0.39
2022-01-26,0.40
2022-01-27,0.43
2022-01-28,0.43
2022-01-31,0.49
2022-02-01,0.48
2022-02-02,0.45
2022-02-03,0.48
2022-02-04,0.56
2022-02-07,0.58
2022-02-08,0.59
2022-02-09,0.57
2022-02-10,0.74
2022-02-11,0.71
2022-02-14,0.76
2022-02-15,0.72
2022-02-16,0.67
2022-02-17,0.65
2022-02-18,0.65
2022-02-21,.
2022-02-22,0.73
2022-02-23,0.74
2022-02-24,0.65
2022-02-25,0.71
2022-02-28,0.69
2022-03-01,0.60
2022-03-02,0.68
2022-03-03,0.69
2022-03-04,0.69
2022-03-07,0.75
2022-03-08,0.72
2022-03-09,0.75
2022-03-10,0.75
2022-03-11,0.78
2022-03-14,0.86
2022-03-15,0.86
2022-03-16,0.86
2022-03-17,0.81
2022-03-18,0.83
2022-03-21,0.95
2022-03-22,0.96
2022-03-23,0.93
2022-03-24,0.96
2022-03-25,1.01
2022-03-28,1.08
2022-03-29,1.06
2022-03-30,1.04
2022-03-31,1.06
2022-04-01,1.09
2022-04-04,1.14
2022-04-05,1.13
2022-04-06,1.15
2022-04-07,1.15
2022-04-08,1.19
2022-04-11,1.23
2022-04-12,1.20
2022-04-13,1.20
2022-04-14,1.25
2022-04-15,.
2022-04-18,1.27
2022-04-19,1.28
2022-04-20,1.29
2022-04-21,1.32
2022-04-22,1.34
2022-04-25,1.42
2022-04-26,1.40
2022-04-27,1.39
2022-04-28,1.38
2022-04-29,1.41
2022-05-02,1.49
2022-05-03,1.45
2022-05-04,1.44
2022-05-05,1.37
2022-05-06,1.41
2022-05-09,1.43
2022-05-10,1.44
2022-05-11,1.43
2022-05-12,1.44
2022-05-13,1.47
2022-05-16,1.54
2022-05-17,1.57
2022-05-18,1.56
2022-05-19,1.52
2022-05-20,1.51
2022-05-23,1.57
2022-05-24,1.53
2022-05-25,1.52
2022-05-26,1.52
2022-05-27,1.54
2022-05-30,.
2022-05-31,1.64
2022-06-01,1.63
2022-06-02,1.64
2022-06-03,1.68
2022-06-06,1.74
2022-06-07,1.75
2022-06-08,1.77
2022-06-09,1.81
2022-06-10,1.98
2022-06-13,2.25
2022-06-14,2.43
2022-06-15,2.32
2022-06-16,2.24
2022-06-17,2.25
2022-06-20,.
2022-06-21,2.46
2022-06-22,2.40
2022-06-23,2.44
2022-06-24,2.51
2022-06-27,2.56
2022-06-28,2.55
2022-06-29,2.55
2022-06-30,2.51
2022-07-01,2.52
2022-07-04,.
2022-07-05,2.59
2022-07-06,2.62
2022-07-07,2.64
2022-07-08,2.68
2022-07-11,2.79
2022-07-12,2.78
2022-07-13,2.96
2022-07-14,2.93
2022-07-15,2.94
2022-07-18,3.02
2022-07-19,3.06
2022-07-20,3.04
2022-07-21,3.00
2022-07-22,2.97
2022-07-25,3.06
2022-07-26,3.01
2022-07-27,2.93
2022-07-28,2.90
2022-07-29,2.91
2022-08-01,2.96
2022-08-02,3.00
2022-08-03,3.00
2022-08-04,2.98
2022-08-05,3.10
2022-08-08,3.15
2022-08-09,3.16
2022-08-10,3.13
2022-08-11,3.08
2022-08-12,3.13
2022-08-15,3.13
2022-08-16,3.12
2022-08-17,3.15
2022-08-18,3.12
2022-08-19,3.16
2022-08-22,3.23
2022-08-23,3.21
2022-08-24,3.28
2022-08-25,3.25
2022-08-26,3.26
2022-08-29,3.32
2022-08-30,3.31
2022-08-31,3.32
2022-09-01,3.34
2022-09-02,3.33
2022-09-05,.
2022-09-06,3.40
2022-09-07,3.42
2022-09-08,3.44
2022-09-09,3.52
2022-09-12,3.56
2022-09-13,3.75
2022-09-14,3.76
2022-09-15,3.78
2022-09-16,3.77
2022-09-19,3.87
2022-09-20,3.86
2022-09-21,3.86
2022-09-22,3.87
2022-09-23,3.85
2022-09-26,3.95
2022-09-27,3.91
2022-09-28,3.87
2022-09-29,3.87
2022-09-30,3.92
2022-10-03,3.97
2022-10-04,3.98
2022-10-05,4.00
2022-10-06,4.04
2022-10-07,4.09
2022-10-10,.
2022-10-11,4.17
2022-10-12,4.16
2022-10-13,4.30
2022-10-14,4.31
2022-10-17,4.38
2022-10-18,4.39
2022-10-19,4.45
2022-10-20,4.48
2022-10-21,4.43
2022-10-24,4.52
2022-10-25,4.50
2022-10-26,4.47
2022-10-27,4.44
2022-10-28,4.51
2022-10-31,4.57
2022-11-01,4.58
2022-11-02,4.57
2022-11-03,4.57
2022-11-04,4.55
2022-11-07,4.62
2022-11-08,4.60
2022-11-09,4.59
2022-11-10,4.52
2022-11-11,.
2022-11-14,4.55
2022-11-15,4.54
2022-11-16,4.54
2022-11-17,4.57
2022-11-18,4.61
2022-11-21,4.65
2022-11-22,4.68
2022-11-23,4.67
2022-11-24,.
2022-11-25,4.67
2022-11-28,4.72
2022-11-29,4.72
2022-11-30,4.70
2022-12-01,4.65
2022-12-02,4.65
2022-12-05,4.73
2022-12-06,4.74
2022-12-07,4.72
2022-12-08,4.71
2022-12-09,4.72
2022-12-12,4.78
2022-12-13,4.70
2022-12-14,4.68
2022-12-15,4.70
2022-12-16,4.68
2022-12-19,4.71
2022-12-20,4.70
2022-12-21,4.67
2022-12-22,4.66
2022-12-23,4.67
2022-12-26,.
2022-12-27,4.76
2022-12-28,4.75
2022-12-29,4.73
2022-12-30,4.76
2023-01-02,.
2023-01-03,4.77
2023-01-04,4.77
2023-01-05,4.81
2023-01-06,4.79
2023-01-09,4.83
2023-01-10,4.85
2023-01-11,4.84
2023-01-12,4.76
2023-01-13,4.77
2023-01-16,.
2023-01-17,4.82
2023-01-18,4.79
2023-01-19,4.79
2023-01-20,4.80
2023-01-23,4.82
2023-01-24,4.84
2023-01-25,4.79
2023-01-26,4.79
2023-01-27,4.81
2023-01-30,4.82
2023-01-31,4.80
2023-02-01,4.79
2023-02-02,4.76
2023-02-03,4.82
2023-02-06,4.89
2023-02-07,4.89
2023-02-08,4.88
2023-02-09,4.90
2023-02-10,4.89
2023-02-13,4.99
2023-02-14,4.98
2023-02-15,4.97
2023-02-16,4.98
2023-02-17,4.99
2023-02-20,.
2023-02-21,5.07
2023-02-22,5.08
2023-02-23,5.05
2023-02-24,5.06
2023-02-27,5.18
2023-02-28,5.17
2023-03-01,5.20
2023-03-02,5.18
2023-03-03,5.18
2023-03-06,5.22
2023-03-07,5.32
2023-03-08,5.34
2023-03-09,5.32
2023-03-10,5.17
2023-03-13,4.81
2023-03-14,4.93
2023-03-15,4.73
2023-03-16,4.94
2023-03-17,4.71
2023-03-20,4.80
2023-03-21,4.96
2023-03-22,4.95
2023-03-23,4.80
2023-03-24,4.76
2023-03-27,4.86
2023-03-28,4.90
2023-03-29,4.92
2023-03-30,4.92
2023-03-31,4.94
2023-04-03,4.88
2023-04-04,4.80
2023-04-05,4.82
2023-04-06,4.93
2023-04-07,4.95
2023-04-10,4.98
2023-04-11,4.99
2023-04-12,4.98
2023-04-13,4.95
2023-04-14,5.03
2023-04-17,5.07
2023-04-18,5.09
2023-04-19,5.10
2023-04-20,5.06
2023-04-21,5.07
2023-04-24,5.06
2023-04-25,4.98
2023-04-26,5.00
2023-04-27,5.05
2023-04-28,5.06
2023-05-01,5.14
2023-05-02,5.06
2023-05-03,5.08
2023-05-04,5.04
2023-05-05,5.13
2023-05-08,5.14
2023-05-09,5.18
2023-05-10,5.13
2023-05-11,5.14
2023-05-12,5.16
2023-05-15,5.24
2023-05-16,5.26
2023-05-17,5.30
2023-05-18,5.38
2023-05-19,5.36
2023-05-22,5.43
2023-05-23,5.39
2023-05-24,5.42
2023-05-25,5.46
2023-05-26,5.44
2023-05-29,.
2023-05-30,5.52
2023-05-31,5.46
2023-06-01,5.44
2023-06-02,5.50
2023-06-05,5.46
2023-06-06,5.44
2023-06-07,5.43
2023-06-08,5.39
2023-06-09,5.39
2023-06-12,5.38
2023-06-13,5.36
2023-06-14,5.36
2023-06-15,5.33
2023-06-16,5.35
2023-06-19,.
2023-06-20,5.41
2023-06-21,5.41
2023-06-22,5.41
2023-06-23,5.41
2023-06-26,5.45
2023-06-27,5.46
2023-06-28,5.47
2023-06-29,5.50
2023-06-30,5.47
2023-07-03,5.53
2023-07-04,.
2023-07-05,5.52
2023-07-06,5.54
2023-07-07,5.53
2023-07-10,5.54
2023-07-11,5.55
2023-07-12,5.53
2023-07-13,5.49
2023-07-14,5.52
2023-07-17,5.52
2023-07-18,5.51
2023-07-19,5.51
2023-07-20,5.52
2023-07-21,5.53
2023-07-24,5.55
2023-07-25,5.57
2023-07-26,5.55
2023-07-27,5.56
2023-07-28,5.54
2023-07-31,5.53
2023-08-01,5.54
2023-08-02,5.52
2023-08-03,5.52
2023-08-04,5.50
2023-08-07,5.53
2023-08-08,5.53
2023-08-09,5.54
2023-08-10,5.52
2023-08-11,5.52
2023-08-14,5.56
2023-08-15,5.55
2023-08-16,5.54
2023-08-17,5.53
2023-08-18,5.52
2023-08-21,5.58
2023-08-22,5.57
2023-08-23,5.55
2023-08-24,5.59
2023-08-25,5.61
2023-08-28,5.56
2023-08-29,5.52
2023-08-30,5.51
2023-08-31,5.48
2023-09-01,5.47
2023-09-04,.
2023-09-05,5.51
2023-09-06,5.52
2023-09-07,5.50
2023-09-08,5.49
2023-09-11,5.51
2023-09-12,5.53
2023-09-13,5.51
2023-09-14,5.50
2023-09-15,5.49
2023-09-18,5.51
2023-09-19,5.51
2023-09-20,5.51
2023-09-21,5.52
2023-09-22,5.52
2023-09-25,5.52
2023-09-26,5.53
2023-09-27,5.53
2023-09-28,5.53
2023-09-29,5.53
2023-10-02,5.58
2023-10-03,5.58
2023-10-04,5.57
2023-10-05,5.56
2023-10-06,5.59
2023-10-09,.
2023-10-10,5.57
2023-10-11,5.56
2023-10-12,5.58
2023-10-13,5.57
2023-10-16,5.58
2023-10-17,5.60
2023-10-18,5.58
2023-10-19,5.56
2023-10-20,5.54
2023-10-23,5.56
2023-10-24,5.57
2023-10-25,5.57
2023-10-26,5.55
2023-10-27,5.55
2023-10-30,5.53
2023-10-31,5.54
2023-11-01,5.51
2023-11-02,5.50
2023-11-03,5.45
2023-11-06,5.47
2023-11-07,5.47
2023-11-08,5.46
2023-11-09,5.46
2023-11-10,5.46
2023-11-13,5.48
2023-11-14,5.41
2023-11-15,5.41
2023-11-16,5.38
2023-11-17,5.39
2023-11-20,5.43
2023-11-21,5.42
2023-11-22,5.42
2023-11-23,.
2023-11-24,5.45
2023-11-27,5.45
2023-11-28,5.42
2023-11-29,5.38
2023-11-30,5.38
2023-12-01,5.33
2023-12-04,5.41
2023-12-05,5.37
2023-12-06,5.38
2023-12-07,5.36
2023-12-08,5.39
2023-12-11,5.40
2023-12-12,5.41
2023-12-13,5.33
2023-12-14,5.31
2023-12-15,5.33
2023-12-18,5.36
2023-12-19,5.35
2023-12-20,5.33
2023-12-21,5.31
2023-12-22,5.31
2023-12-25,.
2023-12-26,5.28
2023-12-27,5.26
2023-12-28,5.28
2023-12-29,5.26
2024-01-01,.
2024-01-02,5.24
2024-01-03,5.25
2024-01-04,5.25
2024-01-05,5.24
2024-01-08,5.24
2024-01-09,5.24
2024-01-10,5.23
2024-01-11,5.22
2024-01-12,5.16
2024-01-15,.
2024-01-16,5.18
2024-01-17,5.20
2024-01-18,5.20
2024-01-19,5.21
2024-01-22,5.22
2024-01-23,5.21
2024-01-24,5.22
2024-01-25,5.19
2024-01-26,5.19
2024-01-29,5.19
2024-01-30,5.19
2024-01-31,5.18
2024-02-01,5.15
2024-02-02,5.22
2024-02-05,5.25
2024-02-06,5.23
2024-02-07,5.23
2024-02-08,5.24
2024-02-09,5.26
2024-02-12,5.27
2024-02-13,5.32
2024-02-14,5.31
2024-02-15,5.3
2024-02-16,5.31
2024-02-19,.
2024-02-20,5.32
2024-02-21,5.32
2024-02-22,5.32
2024-02-23,5.32
2024-02-26,5.34
2024-02-27,5.33
2024-02-28,5.31
2024-02-29,5.3
2024-03-01,5.27
2024-03-04,5.37
2024-03-05,5.35
2024-03-06,5.35
2024-03-07,5.34
2024-03-08,5.34
2024-03-11,5.35
2024-03-12,5.37
2024-03-13,5.37
2024-03-14,5.38
2024-03-15,5.38
2024-03-18,5.39
2024-03-19,5.39
2024-03-20,5.36
2024-03-21,5.36
2024-03-22,5.34
2024-03-25,5.36
2024-03-26,5.36
2024-03-27,5.36
2024-03-28,5.38
2024-03-29,.
2024-04-01,5.36
2024-04-02,5.34
2024-04-03,5.33
2024-04-04,5.32
2024-04-05,5.34
2024-04-08,5.35
2024-04-09,5.34
2024-04-10,5.4
2024-04-11,5.38
2024-04-12,5.36
2024-04-15,5.38
2024-04-16,5.39
2024-04-17,5.38
2024-04-18,5.39
2024-04-19,5.39
2024-04-22,5.39
2024-04-23,5.39
2024-04-24,5.4
2024-04-25,5.41
2024-04-26,5.4
2024-04-29,5.43
2024-04-30,5.44
2024-05-01,5.43
2024-05-02,5.42
2024-05-03,5.41
2024-05-06,5.42
2024-05-07,5.41
2024-05-08,5.41
2024-05-09,5.41
2024-05-10,5.43
2024-05-13,5.43
2024-05-14,5.43
2024-05-15,5.4
2024-05-16,5.41
2024-05-17,5.41
2024-05-20,5.43
2024-05-21,5.42
2024-05-22,5.43
2024-05-23,5.44
2024-05-24,5.44
2024-05-27,.
2024-05-28,5.43
2024-05-29,5.43
2024-05-30,5.42
2024-05-31,5.42
2024-06-03,5.39
2024-06-04,5.38
2024-06-05,5.37
2024-06-06,5.36
2024-06-07,5.4
2024-06-10,5.4
2024-06-11,5.39
2024-06-12,5.38
2024-06-13,5.36
2024-06-14,5.36
2024-06-17,5.39
2024-06-18,5.37
2024-06-19,.
2024-06-20,5.37
2024-06-21,5.36
2024-06-24,5.37
2024-06-25,5.37
2024-06-26,5.36
